fecha,titulo,precio_gbp,rating,disponible,url
2026-10-05,Soumission,50.1,1,In stock,http://books.toscrape.com/catalogue/soumission_998/index.html
2026-10-05,Private Paris (Private #10),47.61,5,In stock,http://books.toscrape.com/catalogue/private-paris-private-10_958/index.html
2026-10-05,"We Love You, Charlie Freeman",50.27,5,In stock,http://books.toscrape.com/catalogue/we-love-you-charlie-freeman_954/index.html
2026-10-05,Thirst,17.27,5,In stock,http://books.toscrape.com/catalogue/thirst_946/index.html
2026-10-05,The Murder That Never Was (Forensic Instincts #5),54.11,3,In stock,http://books.toscrape.com/catalogue/the-murder-that-never-was-forensic-instincts-5_939/index.html
2026-10-05,Tuesday Nights in 1980,21.04,2,In stock,http://books.toscrape.com/catalogue/tuesday-nights-in-1980_870/index.html
2026-10-05,The Vacationers,42.15,4,In stock,http://books.toscrape.com/catalogue/the-vacationers_863/index.html
2026-10-05,The Regional Office Is Under Attack!,51.36,5,In stock,http://books.toscrape.com/catalogue/the-regional-office-is-under-attack_858/index.html
2026-10-05,Finders Keepers (Bill Hodges Trilogy #2),53.53,5,In stock,http://books.toscrape.com/catalogue/finders-keepers-bill-hodges-trilogy-2_807/index.html
2026-10-05,The Time Keeper,27.88,5,In stock,http://books.toscrape.com/catalogue/the-time-keeper_766/index.html
2026-10-05,The Testament of Mary,52.67,4,In stock,http://books.toscrape.com/catalogue/the-testament-of-mary_765/index.html
2026-10-05,The First Hostage (J.B. Collins #2),25.85,3,In stock,http://books.toscrape.com/catalogue/the-first-hostage-jb-collins-2_749/index.html
2026-10-05,Take Me with You,45.21,3,In stock,http://books.toscrape.com/catalogue/take-me-with-you_741/index.html
2026-10-05,Still Life with Bread Crumbs,26.41,3,In stock,http://books.toscrape.com/catalogue/still-life-with-bread-crumbs_738/index.html
2026-10-05,Shtum,55.84,4,In stock,http://books.toscrape.com/catalogue/shtum_733/index.html
2026-10-05,My Name Is Lucy Barton,41.56,1,In stock,http://books.toscrape.com/catalogue/my-name-is-lucy-barton_720/index.html
2026-10-05,My Mrs. Brown,24.48,3,In stock,http://books.toscrape.com/catalogue/my-mrs-brown_719/index.html
2026-10-05,Mr. Mercedes (Bill Hodges Trilogy #1),28.9,1,In stock,http://books.toscrape.com/catalogue/mr-mercedes-bill-hodges-trilogy-1_717/index.html
2026-10-05,I Am Pilgrim (Pilgrim #1),10.6,4,In stock,http://books.toscrape.com/catalogue/i-am-pilgrim-pilgrim-1_703/index.html
2026-10-05,Eligible (The Austen Project #4),27.09,3,In stock,http://books.toscrape.com/catalogue/eligible-the-austen-project-4_692/index.html
2026-10-05,Eight Hundred Grapes,14.39,4,In stock,http://books.toscrape.com/catalogue/eight-hundred-grapes_690/index.html
2026-10-05,Dear Mr. Knightley,11.21,5,In stock,http://books.toscrape.com/catalogue/dear-mr-knightley_684/index.html
2026-10-05,Cometh the Hour (The Clifton Chronicles #6),25.01,3,In stock,http://books.toscrape.com/catalogue/cometh-the-hour-the-clifton-chronicles-6_681/index.html
2026-10-05,Balloon Animals,17.03,3,In stock,http://books.toscrape.com/catalogue/balloon-animals_665/index.html
2026-10-05,A Man Called Ove,39.72,1,In stock,http://books.toscrape.com/catalogue/a-man-called-ove_653/index.html
2026-10-05,The Silent Sister (Riley MacPherson #1),46.29,5,In stock,http://books.toscrape.com/catalogue/the-silent-sister-riley-macpherson-1_641/index.html
2026-10-05,The Dinner Party,56.54,2,In stock,http://books.toscrape.com/catalogue/the-dinner-party_635/index.html
2026-10-05,The Improbability of Love,59.45,1,In stock,http://books.toscrape.com/catalogue/the-improbability-of-love_607/index.html
2026-10-05,Mothering Sunday,13.34,2,In stock,http://books.toscrape.com/catalogue/mothering-sunday_600/index.html
2026-10-05,Lies and Other Acts of Love,45.14,1,In stock,http://books.toscrape.com/catalogue/lies-and-other-acts-of-love_596/index.html
2026-10-05,Daredevils,16.34,3,In stock,http://books.toscrape.com/catalogue/daredevils_590/index.html
2026-10-05,11/22/63,48.48,3,In stock,http://books.toscrape.com/catalogue/112263_583/index.html
2026-10-05,The Shack,28.03,1,In stock,http://books.toscrape.com/catalogue/the-shack_576/index.html
2026-10-05,The High Mountains of Portugal,51.15,1,In stock,http://books.toscrape.com/catalogue/the-high-mountains-of-portugal_547/index.html
2026-10-05,Miller's Valley,58.54,2,In stock,http://books.toscrape.com/catalogue/millers-valley_534/index.html
2026-10-05,Hystopia: A Novel,21.96,4,In stock,http://books.toscrape.com/catalogue/hystopia-a-novel_523/index.html
2026-10-05,The Bourne Identity (Jason Bourne #1),42.78,4,In stock,http://books.toscrape.com/catalogue/the-bourne-identity-jason-bourne-1_492/index.html
2026-10-05,Sister Dear,40.2,4,In stock,http://books.toscrape.com/catalogue/sister-dear_485/index.html
2026-10-05,Memoirs of a Geisha,49.67,3,In stock,http://books.toscrape.com/catalogue/memoirs-of-a-geisha_477/index.html
2026-10-05,Me Before You (Me Before You #1),19.02,1,In stock,http://books.toscrape.com/catalogue/me-before-you-me-before-you-1_434/index.html
2026-10-05,Deception Point,40.32,4,In stock,http://books.toscrape.com/catalogue/deception-point_426/index.html
2026-10-05,The Little Paris Bookshop,24.73,3,In stock,http://books.toscrape.com/catalogue/the-little-paris-bookshop_407/index.html
2026-10-05,The Firm,45.56,3,In stock,http://books.toscrape.com/catalogue/the-firm_404/index.html
2026-10-05,The Expatriates,44.58,2,In stock,http://books.toscrape.com/catalogue/the-expatriates_401/index.html
2026-10-05,Siddhartha,34.22,5,In stock,http://books.toscrape.com/catalogue/siddhartha_393/index.html
2026-10-05,Last One Home (New Beginnings #1),59.98,3,In stock,http://books.toscrape.com/catalogue/last-one-home-new-beginnings-1_383/index.html
2026-10-05,Digital Fortress,58.0,5,In stock,http://books.toscrape.com/catalogue/digital-fortress_369/index.html
2026-10-05,Atlas Shrugged,26.58,5,In stock,http://books.toscrape.com/catalogue/atlas-shrugged_314/index.html
2026-10-05,Three-Martini Lunch,23.21,3,In stock,http://books.toscrape.com/catalogue/three-martini-lunch_290/index.html
2026-10-05,The Nightingale,26.26,4,In stock,http://books.toscrape.com/catalogue/the-nightingale_267/index.html
2026-10-05,The Infinities,27.41,1,In stock,http://books.toscrape.com/catalogue/the-infinities_257/index.html
2026-10-05,The Husband's Secret,52.51,5,In stock,http://books.toscrape.com/catalogue/the-husbands-secret_256/index.html
2026-10-05,The Da Vinci Code (Robert Langdon #2),22.96,2,In stock,http://books.toscrape.com/catalogue/the-da-vinci-code-robert-langdon-2_240/index.html
2026-10-05,The Art of Fielding,22.1,1,In stock,http://books.toscrape.com/catalogue/the-art-of-fielding_228/index.html
2026-10-05,Lila (Gilead #3),12.47,3,In stock,http://books.toscrape.com/catalogue/lila-gilead-3_190/index.html
2026-10-05,Jurassic Park (Jurassic Park #1),44.97,1,In stock,http://books.toscrape.com/catalogue/jurassic-park-jurassic-park-1_180/index.html
2026-10-05,Inferno (Robert Langdon #4),41.0,5,In stock,http://books.toscrape.com/catalogue/inferno-robert-langdon-4_176/index.html
2026-10-05,Crazy Rich Asians (Crazy Rich Asians #1),49.13,5,In stock,http://books.toscrape.com/catalogue/crazy-rich-asians-crazy-rich-asians-1_143/index.html
2026-10-05,Big Little Lies,22.11,1,In stock,http://books.toscrape.com/catalogue/big-little-lies_129/index.html
2026-10-05,The Course of Love,16.78,3,In stock,http://books.toscrape.com/catalogue/the-course-of-love_109/index.html
2026-10-05,When I'm Gone,51.96,3,In stock,http://books.toscrape.com/catalogue/when-im-gone_95/index.html
2026-10-05,The Silent Wife,12.34,5,In stock,http://books.toscrape.com/catalogue/the-silent-wife_83/index.html
2026-10-05,The Bette Davis Club,30.66,3,In stock,http://books.toscrape.com/catalogue/the-bette-davis-club_59/index.html
2026-10-05,Kitchens of the Great Midwest,57.2,5,In stock,http://books.toscrape.com/catalogue/kitchens-of-the-great-midwest_28/index.html
2026-10-05,Bright Lines,39.07,5,In stock,http://books.toscrape.com/catalogue/bright-lines_11/index.html
2026-10-06,Soumission,50.1,1,In stock,http://books.toscrape.com/catalogue/soumission_998/index.html
2026-10-06,Private Paris (Private #10),47.61,5,In stock,http://books.toscrape.com/catalogue/private-paris-private-10_958/index.html
2026-10-06,"We Love You, Charlie Freeman",50.27,5,In stock,http://books.toscrape.com/catalogue/we-love-you-charlie-freeman_954/index.html
2026-10-06,Thirst,17.27,5,In stock,http://books.toscrape.com/catalogue/thirst_946/index.html
2026-10-06,The Murder That Never Was (Forensic Instincts #5),54.11,3,In stock,http://books.toscrape.com/catalogue/the-murder-that-never-was-forensic-instincts-5_939/index.html
2026-10-06,Tuesday Nights in 1980,21.04,2,In stock,http://books.toscrape.com/catalogue/tuesday-nights-in-1980_870/index.html
2026-10-06,The Vacationers,42.15,4,In stock,http://books.toscrape.com/catalogue/the-vacationers_863/index.html
2026-10-06,The Regional Office Is Under Attack!,51.36,5,In stock,http://books.toscrape.com/catalogue/the-regional-office-is-under-attack_858/index.html
2026-10-06,Finders Keepers (Bill Hodges Trilogy #2),53.53,5,In stock,http://books.toscrape.com/catalogue/finders-keepers-bill-hodges-trilogy-2_807/index.html
2026-10-06,The Time Keeper,27.88,5,In stock,http://books.toscrape.com/catalogue/the-time-keeper_766/index.html
2026-10-06,The Testament of Mary,52.67,4,In stock,http://books.toscrape.com/catalogue/the-testament-of-mary_765/index.html
2026-10-06,The First Hostage (J.B. Collins #2),25.85,3,In stock,http://books.toscrape.com/catalogue/the-first-hostage-jb-collins-2_749/index.html
2026-10-06,Take Me with You,45.21,3,In stock,http://books.toscrape.com/catalogue/take-me-with-you_741/index.html
2026-10-06,Still Life with Bread Crumbs,26.41,3,In stock,http://books.toscrape.com/catalogue/still-life-with-bread-crumbs_738/index.html
2026-10-06,Shtum,55.84,4,In stock,http://books.toscrape.com/catalogue/shtum_733/index.html
2026-10-06,My Name Is Lucy Barton,41.56,1,In stock,http://books.toscrape.com/catalogue/my-name-is-lucy-barton_720/index.html
2026-10-06,My Mrs. Brown,24.48,3,In stock,http://books.toscrape.com/catalogue/my-mrs-brown_719/index.html
2026-10-06,Mr. Mercedes (Bill Hodges Trilogy #1),28.9,1,In stock,http://books.toscrape.com/catalogue/mr-mercedes-bill-hodges-trilogy-1_717/index.html
2026-10-06,I Am Pilgrim (Pilgrim #1),10.6,4,In stock,http://books.toscrape.com/catalogue/i-am-pilgrim-pilgrim-1_703/index.html
2026-10-06,Eligible (The Austen Project #4),27.09,3,In stock,http://books.toscrape.com/catalogue/eligible-the-austen-project-4_692/index.html
2026-10-06,Eight Hundred Grapes,14.39,4,In stock,http://books.toscrape.com/catalogue/eight-hundred-grapes_690/index.html
2026-10-06,Dear Mr. Knightley,11.21,5,In stock,http://books.toscrape.com/catalogue/dear-mr-knightley_684/index.html
2026-10-06,Cometh the Hour (The Clifton Chronicles #6),25.01,3,In stock,http://books.toscrape.com/catalogue/cometh-the-hour-the-clifton-chronicles-6_681/index.html
2026-10-06,Balloon Animals,17.03,3,In stock,http://books.toscrape.com/catalogue/balloon-animals_665/index.html
2026-10-06,A Man Called Ove,39.72,1,In stock,http://books.toscrape.com/catalogue/a-man-called-ove_653/index.html
2026-10-06,The Silent Sister (Riley MacPherson #1),46.29,5,In stock,http://books.toscrape.com/catalogue/the-silent-sister-riley-macpherson-1_641/index.html
2026-10-06,The Dinner Party,56.54,2,In stock,http://books.toscrape.com/catalogue/the-dinner-party_635/index.html
2026-10-06,The Improbability of Love,59.45,1,In stock,http://books.toscrape.com/catalogue/the-improbability-of-love_607/index.html
2026-10-06,Mothering Sunday,13.34,2,In stock,http://books.toscrape.com/catalogue/mothering-sunday_600/index.html
2026-10-06,Lies and Other Acts of Love,45.14,1,In stock,http://books.toscrape.com/catalogue/lies-and-other-acts-of-love_596/index.html
2026-10-06,Daredevils,16.34,3,In stock,http://books.toscrape.com/catalogue/daredevils_590/index.html
2026-10-06,11/22/63,48.48,3,In stock,http://books.toscrape.com/catalogue/112263_583/index.html
2026-10-06,The Shack,28.03,1,In stock,http://books.toscrape.com/catalogue/the-shack_576/index.html
2026-10-06,The High Mountains of Portugal,51.15,1,In stock,http://books.toscrape.com/catalogue/the-high-mountains-of-portugal_547/index.html
2026-10-06,Miller's Valley,58.54,2,In stock,http://books.toscrape.com/catalogue/millers-valley_534/index.html
2026-10-06,Hystopia: A Novel,21.96,4,In stock,http://books.toscrape.com/catalogue/hystopia-a-novel_523/index.html
2026-10-06,The Bourne Identity (Jason Bourne #1),42.78,4,In stock,http://books.toscrape.com/catalogue/the-bourne-identity-jason-bourne-1_492/index.html
2026-10-06,Sister Dear,40.2,4,In stock,http://books.toscrape.com/catalogue/sister-dear_485/index.html
2026-10-06,Memoirs of a Geisha,49.67,3,In stock,http://books.toscrape.com/catalogue/memoirs-of-a-geisha_477/index.html
2026-10-06,Me Before You (Me Before You #1),19.02,1,In stock,http://books.toscrape.com/catalogue/me-before-you-me-before-you-1_434/index.html
2026-10-06,Deception Point,40.32,4,In stock,http://books.toscrape.com/catalogue/deception-point_426/index.html
2026-10-06,The Little Paris Bookshop,24.73,3,In stock,http://books.toscrape.com/catalogue/the-little-paris-bookshop_407/index.html
2026-10-06,The Firm,45.56,3,In stock,http://books.toscrape.com/catalogue/the-firm_404/index.html
2026-10-06,The Expatriates,44.58,2,In stock,http://books.toscrape.com/catalogue/the-expatriates_401/index.html
2026-10-06,Siddhartha,34.22,5,In stock,http://books.toscrape.com/catalogue/siddhartha_393/index.html
2026-10-06,Last One Home (New Beginnings #1),59.98,3,In stock,http://books.toscrape.com/catalogue/last-one-home-new-beginnings-1_383/index.html
2026-10-06,Digital Fortress,58.0,5,In stock,http://books.toscrape.com/catalogue/digital-fortress_369/index.html
2026-10-06,Atlas Shrugged,26.58,5,In stock,http://books.toscrape.com/catalogue/atlas-shrugged_314/index.html
2026-10-06,Three-Martini Lunch,23.21,3,In stock,http://books.toscrape.com/catalogue/three-martini-lunch_290/index.html
2026-10-06,The Nightingale,26.26,4,In stock,http://books.toscrape.com/catalogue/the-nightingale_267/index.html
2026-10-06,The Infinities,27.41,1,In stock,http://books.toscrape.com/catalogue/the-infinities_257/index.html
2026-10-06,The Husband's Secret,52.51,5,In stock,http://books.toscrape.com/catalogue/the-husbands-secret_256/index.html
2026-10-06,The Da Vinci Code (Robert Langdon #2),22.96,2,In stock,http://books.toscrape.com/catalogue/the-da-vinci-code-robert-langdon-2_240/index.html
2026-10-06,The Art of Fielding,22.1,1,In stock,http://books.toscrape.com/catalogue/the-art-of-fielding_228/index.html
2026-10-06,Lila (Gilead #3),12.47,3,In stock,http://books.toscrape.com/catalogue/lila-gilead-3_190/index.html
2026-10-06,Jurassic Park (Jurassic Park #1),44.97,1,In stock,http://books.toscrape.com/catalogue/jurassic-park-jurassic-park-1_180/index.html
2026-10-06,Inferno (Robert Langdon #4),41.0,5,In stock,http://books.toscrape.com/catalogue/inferno-robert-langdon-4_176/index.html
2026-10-06,Crazy Rich Asians (Crazy Rich Asians #1),49.13,5,In stock,http://books.toscrape.com/catalogue/crazy-rich-asians-crazy-rich-asians-1_143/index.html
2026-10-06,Big Little Lies,22.11,1,In stock,http://books.toscrape.com/catalogue/big-little-lies_129/index.html
2026-10-06,The Course of Love,16.78,3,In stock,http://books.toscrape.com/catalogue/the-course-of-love_109/index.html
2026-10-06,When I'm Gone,51.96,3,In stock,http://books.toscrape.com/catalogue/when-im-gone_95/index.html
2026-10-06,The Silent Wife,12.34,5,In stock,http://books.toscrape.com/catalogue/the-silent-wife_83/index.html
2026-10-06,The Bette Davis Club,30.66,3,In stock,http://books.toscrape.com/catalogue/the-bette-davis-club_59/index.html
2026-10-06,Kitchens of the Great Midwest,57.2,5,In stock,http://books.toscrape.com/catalogue/kitchens-of-the-great-midwest_28/index.html
2026-10-06,Bright Lines,39.07,5,In stock,http://books.toscrape.com/catalogue/bright-lines_11/index.html
2026-10-07,Soumission,50.1,1,In stock,http://books.toscrape.com/catalogue/soumission_998/index.html
2026-10-07,Private Paris (Private #10),47.61,5,In stock,http://books.toscrape.com/catalogue/private-paris-private-10_958/index.html
2026-10-07,"We Love You, Charlie Freeman",50.27,5,In stock,http://books.toscrape.com/catalogue/we-love-you-charlie-freeman_954/index.html
2026-10-07,Thirst,17.27,5,In stock,http://books.toscrape.com/catalogue/thirst_946/index.html
2026-10-07,The Murder That Never Was (Forensic Instincts #5),54.11,3,In stock,http://books.toscrape.com/catalogue/the-murder-that-never-was-forensic-instincts-5_939/index.html
2026-10-07,Tuesday Nights in 1980,21.04,2,In stock,http://books.toscrape.com/catalogue/tuesday-nights-in-1980_870/index.html
2026-10-07,The Vacationers,42.15,4,In stock,http://books.toscrape.com/catalogue/the-vacationers_863/index.html
2026-10-07,The Regional Office Is Under Attack!,51.36,5,In stock,http://books.toscrape.com/catalogue/the-regional-office-is-under-attack_858/index.html
2026-10-07,Finders Keepers (Bill Hodges Trilogy #2),53.53,5,In stock,http://books.toscrape.com/catalogue/finders-keepers-bill-hodges-trilogy-2_807/index.html
2026-10-07,The Time Keeper,27.88,5,In stock,http://books.toscrape.com/catalogue/the-time-keeper_766/index.html
2026-10-07,The Testament of Mary,52.67,4,In stock,http://books.toscrape.com/catalogue/the-testament-of-mary_765/index.html
2026-10-07,The First Hostage (J.B. Collins #2),25.85,3,In stock,http://books.toscrape.com/catalogue/the-first-hostage-jb-collins-2_749/index.html
2026-10-07,Take Me with You,45.21,3,In stock,http://books.toscrape.com/catalogue/take-me-with-you_741/index.html
2026-10-07,Still Life with Bread Crumbs,26.41,3,In stock,http://books.toscrape.com/catalogue/still-life-with-bread-crumbs_738/index.html
2026-10-07,Shtum,55.84,4,In stock,http://books.toscrape.com/catalogue/shtum_733/index.html
2026-10-07,My Name Is Lucy Barton,41.56,1,In stock,http://books.toscrape.com/catalogue/my-name-is-lucy-barton_720/index.html
2026-10-07,My Mrs. Brown,24.48,3,In stock,http://books.toscrape.com/catalogue/my-mrs-brown_719/index.html
2026-10-07,Mr. Mercedes (Bill Hodges Trilogy #1),28.9,1,In stock,http://books.toscrape.com/catalogue/mr-mercedes-bill-hodges-trilogy-1_717/index.html
2026-10-07,I Am Pilgrim (Pilgrim #1),10.6,4,In stock,http://books.toscrape.com/catalogue/i-am-pilgrim-pilgrim-1_703/index.html
2026-10-07,Eligible (The Austen Project #4),27.09,3,In stock,http://books.toscrape.com/catalogue/eligible-the-austen-project-4_692/index.html
2026-10-07,Eight Hundred Grapes,14.39,4,In stock,http://books.toscrape.com/catalogue/eight-hundred-grapes_690/index.html
2026-10-07,Dear Mr. Knightley,11.21,5,In stock,http://books.toscrape.com/catalogue/dear-mr-knightley_684/index.html
2026-10-07,Cometh the Hour (The Clifton Chronicles #6),25.01,3,In stock,http://books.toscrape.com/catalogue/cometh-the-hour-the-clifton-chronicles-6_681/index.html
2026-10-07,Balloon Animals,17.03,3,In stock,http://books.toscrape.com/catalogue/balloon-animals_665/index.html
2026-10-07,A Man Called Ove,39.72,1,In stock,http://books.toscrape.com/catalogue/a-man-called-ove_653/index.html
2026-10-07,The Silent Sister (Riley MacPherson #1),46.29,5,In stock,http://books.toscrape.com/catalogue/the-silent-sister-riley-macpherson-1_641/index.html
2026-10-07,The Dinner Party,56.54,2,In stock,http://books.toscrape.com/catalogue/the-dinner-party_635/index.html
2026-10-07,The Improbability of Love,59.45,1,In stock,http://books.toscrape.com/catalogue/the-improbability-of-love_607/index.html
2026-10-07,Mothering Sunday,13.34,2,In stock,http://books.toscrape.com/catalogue/mothering-sunday_600/index.html
2026-10-07,Lies and Other Acts of Love,45.14,1,In stock,http://books.toscrape.com/catalogue/lies-and-other-acts-of-love_596/index.html
2026-10-07,Daredevils,16.34,3,In stock,http://books.toscrape.com/catalogue/daredevils_590/index.html
2026-10-07,11/22/63,48.48,3,In stock,http://books.toscrape.com/catalogue/112263_583/index.html
2026-10-07,The Shack,28.03,1,In stock,http://books.toscrape.com/catalogue/the-shack_576/index.html
2026-10-07,The High Mountains of Portugal,51.15,1,In stock,http://books.toscrape.com/catalogue/the-high-mountains-of-portugal_547/index.html
2026-10-07,Miller's Valley,58.54,2,In stock,http://books.toscrape.com/catalogue/millers-valley_534/index.html
2026-10-07,Hystopia: A Novel,21.96,4,In stock,http://books.toscrape.com/catalogue/hystopia-a-novel_523/index.html
2026-10-07,The Bourne Identity (Jason Bourne #1),42.78,4,In stock,http://books.toscrape.com/catalogue/the-bourne-identity-jason-bourne-1_492/index.html
2026-10-07,Sister Dear,40.2,4,In stock,http://books.toscrape.com/catalogue/sister-dear_485/index.html
2026-10-07,Memoirs of a Geisha,49.67,3,In stock,http://books.toscrape.com/catalogue/memoirs-of-a-geisha_477/index.html
2026-10-07,Me Before You (Me Before You #1),19.02,1,In stock,http://books.toscrape.com/catalogue/me-before-you-me-before-you-1_434/index.html
2026-10-07,Deception Point,40.32,4,In stock,http://books.toscrape.com/catalogue/deception-point_426/index.html
2026-10-07,The Little Paris Bookshop,24.73,3,In stock,http://books.toscrape.com/catalogue/the-little-paris-bookshop_407/index.html
2026-10-07,The Firm,45.56,3,In stock,http://books.toscrape.com/catalogue/the-firm_404/index.html
2026-10-07,The Expatriates,44.58,2,In stock,http://books.toscrape.com/catalogue/the-expatriates_401/index.html
2026-10-07,Siddhartha,34.22,5,In stock,http://books.toscrape.com/catalogue/siddhartha_393/index.html
2026-10-07,Last One Home (New Beginnings #1),59.98,3,In stock,http://books.toscrape.com/catalogue/last-one-home-new-beginnings-1_383/index.html
2026-10-07,Digital Fortress,58.0,5,In stock,http://books.toscrape.com/catalogue/digital-fortress_369/index.html
2026-10-07,Atlas Shrugged,26.58,5,In stock,http://books.toscrape.com/catalogue/atlas-shrugged_314/index.html
2026-10-07,Three-Martini Lunch,23.21,3,In stock,http://books.toscrape.com/catalogue/three-martini-lunch_290/index.html
2026-10-07,The Nightingale,26.26,4,In stock,http://books.toscrape.com/catalogue/the-nightingale_267/index.html
2026-10-07,The Infinities,27.41,1,In stock,http://books.toscrape.com/catalogue/the-infinities_257/index.html
2026-10-07,The Husband's Secret,52.51,5,In stock,http://books.toscrape.com/catalogue/the-husbands-secret_256/index.html
2026-10-07,The Da Vinci Code (Robert Langdon #2),22.96,2,In stock,http://books.toscrape.com/catalogue/the-da-vinci-code-robert-langdon-2_240/index.html
2026-10-07,The Art of Fielding,22.1,1,In stock,http://books.toscrape.com/catalogue/the-art-of-fielding_228/index.html
2026-10-07,Lila (Gilead #3),12.47,3,In stock,http://books.toscrape.com/catalogue/lila-gilead-3_190/index.html
2026-10-07,Jurassic Park (Jurassic Park #1),44.97,1,In stock,http://books.toscrape.com/catalogue/jurassic-park-jurassic-park-1_180/index.html
2026-10-07,Inferno (Robert Langdon #4),41.0,5,In stock,http://books.toscrape.com/catalogue/inferno-robert-langdon-4_176/index.html
2026-10-07,Crazy Rich Asians (Crazy Rich Asians #1),49.13,5,In stock,http://books.toscrape.com/catalogue/crazy-rich-asians-crazy-rich-asians-1_143/index.html
2026-10-07,Big Little Lies,22.11,1,In stock,http://books.toscrape.com/catalogue/big-little-lies_129/index.html
2026-10-07,The Course of Love,16.78,3,In stock,http://books.toscrape.com/catalogue/the-course-of-love_109/index.html
2026-10-07,When I'm Gone,51.96,3,In stock,http://books.toscrape.com/catalogue/when-im-gone_95/index.html
2026-10-07,The Silent Wife,12.34,5,In stock,http://books.toscrape.com/catalogue/the-silent-wife_83/index.html
2026-10-07,The Bette Davis Club,30.66,3,In stock,http://books.toscrape.com/catalogue/the-bette-davis-club_59/index.html
2026-10-07,Kitchens of the Great Midwest,57.2,5,In stock,http://books.toscrape.com/catalogue/kitchens-of-the-great-midwest_28/index.html
2026-10-07,Bright Lines,39.07,5,In stock,http://books.toscrape.com/catalogue/bright-lines_11/index.html
2026-10-08,Soumission,50.1,1,In stock,http://books.toscrape.com/catalogue/soumission_998/index.html
2026-10-08,Private Paris (Private #10),47.61,5,In stock,http://books.toscrape.com/catalogue/private-paris-private-10_958/index.html
2026-10-08,"We Love You, Charlie Freeman",50.27,5,In stock,http://books.toscrape.com/catalogue/we-love-you-charlie-freeman_954/index.html
2026-10-08,Thirst,17.27,5,In stock,http://books.toscrape.com/catalogue/thirst_946/index.html
2026-10-08,The Murder That Never Was (Forensic Instincts #5),54.11,3,In stock,http://books.toscrape.com/catalogue/the-murder-that-never-was-forensic-instincts-5_939/index.html
2026-10-08,Tuesday Nights in 1980,21.04,2,In stock,http://books.toscrape.com/catalogue/tuesday-nights-in-1980_870/index.html
2026-10-08,The Vacationers,42.15,4,In stock,http://books.toscrape.com/catalogue/the-vacationers_863/index.html
2026-10-08,The Regional Office Is Under Attack!,51.36,5,In stock,http://books.toscrape.com/catalogue/the-regional-office-is-under-attack_858/index.html
2026-10-08,Finders Keepers (Bill Hodges Trilogy #2),53.53,5,In stock,http://books.toscrape.com/catalogue/finders-keepers-bill-hodges-trilogy-2_807/index.html
2026-10-08,The Time Keeper,27.88,5,In stock,http://books.toscrape.com/catalogue/the-time-keeper_766/index.html
2026-10-08,The Testament of Mary,52.67,4,In stock,http://books.toscrape.com/catalogue/the-testament-of-mary_765/index.html
2026-10-08,The First Hostage (J.B. Collins #2),25.85,3,In stock,http://books.toscrape.com/catalogue/the-first-hostage-jb-collins-2_749/index.html
2026-10-08,Take Me with You,45.21,3,In stock,http://books.toscrape.com/catalogue/take-me-with-you_741/index.html
2026-10-08,Still Life with Bread Crumbs,26.41,3,In stock,http://books.toscrape.com/catalogue/still-life-with-bread-crumbs_738/index.html
2026-10-08,Shtum,55.84,4,In stock,http://books.toscrape.com/catalogue/shtum_733/index.html
2026-10-08,My Name Is Lucy Barton,41.56,1,In stock,http://books.toscrape.com/catalogue/my-name-is-lucy-barton_720/index.html
2026-10-08,My Mrs. Brown,24.48,3,In stock,http://books.toscrape.com/catalogue/my-mrs-brown_719/index.html
2026-10-08,Mr. Mercedes (Bill Hodges Trilogy #1),28.9,1,In stock,http://books.toscrape.com/catalogue/mr-mercedes-bill-hodges-trilogy-1_717/index.html
2026-10-08,I Am Pilgrim (Pilgrim #1),10.6,4,In stock,http://books.toscrape.com/catalogue/i-am-pilgrim-pilgrim-1_703/index.html
2026-10-08,Eligible (The Austen Project #4),27.09,3,In stock,http://books.toscrape.com/catalogue/eligible-the-austen-project-4_692/index.html
2026-10-08,Eight Hundred Grapes,14.39,4,In stock,http://books.toscrape.com/catalogue/eight-hundred-grapes_690/index.html
2026-10-08,Dear Mr. Knightley,11.21,5,In stock,http://books.toscrape.com/catalogue/dear-mr-knightley_684/index.html
2026-10-08,Cometh the Hour (The Clifton Chronicles #6),25.01,3,In stock,http://books.toscrape.com/catalogue/cometh-the-hour-the-clifton-chronicles-6_681/index.html
2026-10-08,Balloon Animals,17.03,3,In stock,http://books.toscrape.com/catalogue/balloon-animals_665/index.html
2026-10-08,A Man Called Ove,39.72,1,In stock,http://books.toscrape.com/catalogue/a-man-called-ove_653/index.html
2026-10-08,The Silent Sister (Riley MacPherson #1),46.29,5,In stock,http://books.toscrape.com/catalogue/the-silent-sister-riley-macpherson-1_641/index.html
2026-10-08,The Dinner Party,56.54,2,In stock,http://books.toscrape.com/catalogue/the-dinner-party_635/index.html
2026-10-08,The Improbability of Love,59.45,1,In stock,http://books.toscrape.com/catalogue/the-improbability-of-love_607/index.html
2026-10-08,Mothering Sunday,13.34,2,In stock,http://books.toscrape.com/catalogue/mothering-sunday_600/index.html
2026-10-08,Lies and Other Acts of Love,45.14,1,In stock,http://books.toscrape.com/catalogue/lies-and-other-acts-of-love_596/index.html
2026-10-08,Daredevils,16.34,3,In stock,http://books.toscrape.com/catalogue/daredevils_590/index.html
2026-10-08,11/22/63,48.48,3,In stock,http://books.toscrape.com/catalogue/112263_583/index.html
2026-10-08,The Shack,28.03,1,In stock,http://books.toscrape.com/catalogue/the-shack_576/index.html
2026-10-08,The High Mountains of Portugal,51.15,1,In stock,http://books.toscrape.com/catalogue/the-high-mountains-of-portugal_547/index.html
2026-10-08,Miller's Valley,58.54,2,In stock,http://books.toscrape.com/catalogue/millers-valley_534/index.html
2026-10-08,Hystopia: A Novel,21.96,4,In stock,http://books.toscrape.com/catalogue/hystopia-a-novel_523/index.html
2026-10-08,The Bourne Identity (Jason Bourne #1),42.78,4,In stock,http://books.toscrape.com/catalogue/the-bourne-identity-jason-bourne-1_492/index.html
2026-10-08,Sister Dear,40.2,4,In stock,http://books.toscrape.com/catalogue/sister-dear_485/index.html
2026-10-08,Memoirs of a Geisha,49.67,3,In stock,http://books.toscrape.com/catalogue/memoirs-of-a-geisha_477/index.html
2026-10-08,Me Before You (Me Before You #1),19.02,1,In stock,http://books.toscrape.com/catalogue/me-before-you-me-before-you-1_434/index.html
2026-10-08,Deception Point,40.32,4,In stock,http://books.toscrape.com/catalogue/deception-point_426/index.html
2026-10-08,The Little Paris Bookshop,24.73,3,In stock,http://books.toscrape.com/catalogue/the-little-paris-bookshop_407/index.html
2026-10-08,The Firm,45.56,3,In stock,http://books.toscrape.com/catalogue/the-firm_404/index.html
2026-10-08,The Expatriates,44.58,2,In stock,http://books.toscrape.com/catalogue/the-expatriates_401/index.html
2026-10-08,Siddhartha,34.22,5,In stock,http://books.toscrape.com/catalogue/siddhartha_393/index.html
2026-10-08,Last One Home (New Beginnings #1),59.98,3,In stock,http://books.toscrape.com/catalogue/last-one-home-new-beginnings-1_383/index.html
2026-10-08,Digital Fortress,58.0,5,In stock,http://books.toscrape.com/catalogue/digital-fortress_369/index.html
2026-10-08,Atlas Shrugged,26.58,5,In stock,http://books.toscrape.com/catalogue/atlas-shrugged_314/index.html
2026-10-08,Three-Martini Lunch,23.21,3,In stock,http://books.toscrape.com/catalogue/three-martini-lunch_290/index.html
2026-10-08,The Nightingale,26.26,4,In stock,http://books.toscrape.com/catalogue/the-nightingale_267/index.html
2026-10-08,The Infinities,27.41,1,In stock,http://books.toscrape.com/catalogue/the-infinities_257/index.html
2026-10-08,The Husband's Secret,52.51,5,In stock,http://books.toscrape.com/catalogue/the-husbands-secret_256/index.html
2026-10-08,The Da Vinci Code (Robert Langdon #2),22.96,2,In stock,http://books.toscrape.com/catalogue/the-da-vinci-code-robert-langdon-2_240/index.html
2026-10-08,The Art of Fielding,22.1,1,In stock,http://books.toscrape.com/catalogue/the-art-of-fielding_228/index.html
2026-10-08,Lila (Gilead #3),12.47,3,In stock,http://books.toscrape.com/catalogue/lila-gilead-3_190/index.html
2026-10-08,Jurassic Park (Jurassic Park #1),44.97,1,In stock,http://books.toscrape.com/catalogue/jurassic-park-jurassic-park-1_180/index.html
2026-10-08,Inferno (Robert Langdon #4),41.0,5,In stock,http://books.toscrape.com/catalogue/inferno-robert-langdon-4_176/index.html
2026-10-08,Crazy Rich Asians (Crazy Rich Asians #1),49.13,5,In stock,http://books.toscrape.com/catalogue/crazy-rich-asians-crazy-rich-asians-1_143/index.html
2026-10-08,Big Little Lies,22.11,1,In stock,http://books.toscrape.com/catalogue/big-little-lies_129/index.html
2026-10-08,The Course of Love,16.78,3,In stock,http://books.toscrape.com/catalogue/the-course-of-love_109/index.html
2026-10-08,When I'm Gone,51.96,3,In stock,http://books.toscrape.com/catalogue/when-im-gone_95/index.html
2026-10-08,The Silent Wife,12.34,5,In stock,http://books.toscrape.com/catalogue/the-silent-wife_83/index.html
2026-10-08,The Bette Davis Club,30.66,3,In stock,http://books.toscrape.com/catalogue/the-bette-davis-club_59/index.html
2026-10-08,Kitchens of the Great Midwest,57.2,5,In stock,http://books.toscrape.com/catalogue/kitchens-of-the-great-midwest_28/index.html
2026-10-08,Bright Lines,39.07,5,In stock,http://books.toscrape.com/catalogue/bright-lines_11/index.html
